{
  "OH": 51.26838235294116,
  "OK": 59.75138888888884,
  "VA": 55.719083969465665,
  "IN": 52.10819672131147,
  "AR": 60.49478260869563,
  "MD": 55.08793103448277,
  "MI": 45.479425837320576,
  "DE": 55.61,
  "WA": 49.78527607361962,
  "IA": 48.23866666666666,
  "LA": 66.66635514018694,
  "NY": 47.08636363636362,
  "CT": 49.611111111111114,
  "CO": 46.01219512195124,
  "CA": 59.50025316455693,
  "ND": 41.402255639097724,
  "NJ": 52.56666666666667,
  "PA": 49.73511904761902,
  "ME": 42.554545454545455,
  "OR": 50.00887850467292,
  "KS": 54.49186046511626,
  "RI": 50.48181818181818,
  "WI": 44.28719211822658,
  "AZ": 62.11621621621622,
  "WY": 43.2754716981132,
  "MO": 54.97848837209304,
  "MN": 42.274611398963735,
  "HI": 71.71562499999999,
  "AK": 32.69837837837835,
  "UT": 49.18361581920904,
  "KY": 56.030630630630625,
  "NH": 44.380769230769225,
  "SD": 45.71597633136095,
  "TN": 57.845695364238416,
  "TX": 65.6469306930693,
  "NV": 51.65954198473284,
  "FL": 72.0730994152047,
  "MT": 43.69160305343512,
  "NC": 58.604597701149416,
  "GA": 63.17464788732395,
  "MA": 48.374647887323945,
  "IL": 52.11675977653634,
  "MS": 63.54757281553399,
  "AL": 62.80806451612904,
  "ID": 45.71089743589742,
  "SC": 62.52115384615385,
  "VT": 43.20204081632652,
  "WV": 51.81801801801803,
  "NE": 49.23834196891192,
  "NM": 54.09206349206346
}
