{
  "WY": 43.710062893081755,
  "NM": 54.56666666666668,
  "PA": 51.85059523809522,
  "FL": 74.23625730994154,
  "AR": 61.53217391304348,
  "WV": 53.488288288288295,
  "NV": 52.08167938931298,
  "AK": 31.201081081081057,
  "VT": 46.11836734693878,
  "MN": 44.72849740932644,
  "SD": 46.8834319526627,
  "IN": 54.26475409836064,
  "CA": 61.24658227848101,
  "WA": 49.984662576687114,
  "GA": 64.30704225352109,
  "IL": 54.20893854748604,
  "MD": 56.986206896551735,
  "AL": 63.94999999999999,
  "TN": 59.05496688741725,
  "NJ": 54.77450980392156,
  "NY": 49.878409090909116,
  "MA": 50.95633802816899,
  "ND": 42.98120300751879,
  "KS": 55.64127906976746,
  "CT": 51.99629629629629,
  "KY": 57.52522522522523,
  "MI": 48.34114832535885,
  "CO": 46.81910569105689,
  "NC": 59.82413793103447,
  "IA": 50.285999999999994,
  "AZ": 63.15297297297297,
  "ME": 45.949350649350656,
  "NH": 47.12115384615384,
  "MO": 56.42674418604652,
  "RI": 53.50909090909091,
  "SC": 63.537499999999994,
  "NE": 50.078756476683935,
  "ID": 46.12500000000002,
  "DE": 57.669999999999995,
  "UT": 49.73107344632772,
  "MT": 43.885496183206136,
  "MS": 64.6252427184466,
  "WI": 46.91133004926108,
  "TX": 66.68673267326736,
  "VA": 57.18702290076336,
  "OK": 60.85069444444441,
  "HI": 73.53906250000001,
  "OR": 50.560747663551425,
  "LA": 67.85794392523363,
  "OH": 53.438235294117646
}
