{
  "TX": 0.845,
  "WV": 0.79,
  "NE": 0.857,
  "NV": 0.8590000000000001,
  "MA": 0.879,
  "NJ": 0.88,
  "VA": 0.856,
  "WI": 0.8440000000000001,
  "ID": 0.862,
  "VT": 0.825,
  "WY": 0.857,
  "AK": 0.875,
  "MI": 0.841,
  "AR": 0.769,
  "HI": 0.857,
  "MS": 0.763,
  "OH": 0.845,
  "TN": 0.821,
  "IL": 0.851,
  "SD": 0.821,
  "DE": 0.884,
  "AL": 0.7929999999999999,
  "CA": 0.887,
  "ME": 0.84,
  "AZ": 0.862,
  "MN": 0.868,
  "MT": 0.836,
  "OK": 0.8190000000000001,
  "KY": 0.8170000000000001,
  "CO": 0.894,
  "OR": 0.879,
  "NH": 0.8909999999999999,
  "GA": 0.8370000000000001,
  "PA": 0.841,
  "UT": 0.9,
  "WA": 0.9,
  "CT": 0.87,
  "LA": 0.7809999999999999,
  "NC": 0.835,
  "IA": 0.836,
  "MD": 0.882,
  "ND": 0.8029999999999999,
  "RI": 0.853,
  "SC": 0.815,
  "FL": 0.852,
  "NM": 0.769,
  "KS": 0.843,
  "IN": 0.828,
  "MO": 0.8290000000000001,
  "NY": 0.853
}
