{
  "VA": 98.481411,
  "MI": 152.719156,
  "SC": 69.270082,
  "AR": 64.277677,
  "CA": 360.913489,
  "IL": 202.401899,
  "AZ": 86.137839,
  "IA": 76.792587,
  "MT": 30.46831,
  "NM": 49.005391,
  "FL": 227.957278,
  "WA": 78.732677,
  "OK": 93.311251,
  "RI": 10.046786,
  "MD": 51.956314,
  "NE": 48.011829,
  "WV": 91.329383,
  "AK": 34.295441,
  "MA": 63.704821,
  "OH": 205.621802,
  "ID": 18.552767,
  "KY": 114.336598,
  "UT": 58.523249,
  "WI": 98.217587,
  "NY": 157.731884,
  "CO": 87.582932,
  "PA": 216.650887,
  "KS": 58.238418,
  "WY": 61.015161,
  "NC": 115.76748,
  "LA": 227.860278,
  "NV": 36.399678,
  "OR": 38.568782,
  "ME": 15.48136,
  "MS": 67.801279,
  "NH": 13.465899,
  "NJ": 101.650229,
  "ND": 56.526802,
  "MO": 123.203186,
  "SD": 14.570327,
  "TN": 98.260488,
  "AL": 109.018634,
  "GA": 132.695538,
  "VT": 5.833906,
  "DE": 12.339543,
  "CT": 33.578603,
  "TX": 710.994283,
  "IN": 176.963915,
  "HI": 17.728714,
  "MN": 88.453942
}
