{
  "NJ": 0.115,
  "CT": 0.075,
  "MD": 0.0825,
  "NY": 0.065,
  "AK": 0.094,
  "MS": 0.05,
  "NE": 0.0781,
  "MA": 0.08,
  "OR": 0.076,
  "PA": 0.0999,
  "TX": 0.0,
  "NV": 0.0,
  "VT": 0.085,
  "WA": 0.0,
  "DE": 0.087,
  "WV": 0.065,
  "MN": 0.098,
  "CO": 0.0463,
  "FL": 0.055,
  "KS": 0.07,
  "IN": 0.0575,
  "ID": 0.06924999999999999,
  "OH": 0.0,
  "MO": 0.0625,
  "RI": 0.07,
  "NC": 0.025,
  "WY": 0.0,
  "IL": 0.095,
  "AL": 0.065,
  "LA": 0.08,
  "AZ": 0.049,
  "ND": 0.0431,
  "WI": 0.079,
  "KY": 0.05,
  "AR": 0.065,
  "GA": 0.0575,
  "IA": 0.12,
  "OK": 0.06,
  "MT": 0.0675,
  "CA": 0.08839999999999999,
  "HI": 0.064,
  "NM": 0.059000000000000004,
  "TN": 0.065,
  "NH": 0.077,
  "UT": 0.0495,
  "SD": 0.0,
  "MI": 0.06,
  "SC": 0.05,
  "ME": 0.08929999999999999,
  "VA": 0.06
}
