{
  "OR": 0.099,
  "MT": 0.069,
  "AL": 0.05,
  "ND": 0.028999999999999998,
  "GA": 0.0575,
  "MO": 0.054000000000000006,
  "KY": 0.05,
  "WY": 0.0,
  "NE": 0.0684,
  "LA": 0.06,
  "MN": 0.09849999999999999,
  "NH": 0.05,
  "VA": 0.0575,
  "AK": 0.0,
  "KS": 0.057,
  "NJ": 0.1075,
  "OH": 0.04997,
  "OK": 0.05,
  "CA": 0.133,
  "NV": 0.0,
  "WV": 0.065,
  "TX": 0.0,
  "WI": 0.0765,
  "IN": 0.0323,
  "RI": 0.0599,
  "CO": 0.0463,
  "SD": 0.0,
  "NM": 0.049,
  "FL": 0.0,
  "NY": 0.0882,
  "PA": 0.030699999999999998,
  "IL": 0.0495,
  "MA": 0.051,
  "ID": 0.06924999999999999,
  "ME": 0.07150000000000001,
  "NC": 0.0525,
  "HI": 0.11,
  "IA": 0.08529999999999999,
  "VT": 0.0875,
  "MI": 0.0425,
  "CT": 0.0699,
  "TN": 0.02,
  "AR": 0.069,
  "UT": 0.0495,
  "DE": 0.066,
  "MD": 0.0575,
  "SC": 0.07,
  "AZ": 0.0454,
  "WA": 0.0,
  "MS": 0.05
}
