{
  "LA": 0.03520226637542089,
  "AK": 0.0409323926754632,
  "SC": 0.0978052747339514,
  "IA": 0.28671784746126633,
  "TX": 0.07076291845666936,
  "UT": 0.0733857728401034,
  "HI": 0.1062121237986309,
  "MN": 0.15787919969444894,
  "KS": 0.19421379789368282,
  "WV": 0.06447364313722666,
  "CA": 0.14491780536134838,
  "PA": 0.06340598642052159,
  "ID": 0.32329875814902576,
  "KY": 0.05851678723628741,
  "NV": 0.16129764158921492,
  "AZ": 0.11995117613491625,
  "OH": 0.04222350613839137,
  "ND": 0.24284713575274713,
  "NY": 0.12720617386196403,
  "OK": 0.1862815588311989,
  "NH": 0.1913222644159252,
  "CO": 0.108791067914459,
  "OR": 0.49079567929408185,
  "RI": 0.05082152429107748,
  "DE": 0.027721223771285265,
  "GA": 0.10514770537989504,
  "MO": 0.058734393687662693,
  "AR": 0.11053933148224392,
  "NE": 0.2115803688092153,
  "TN": 0.09129612193621257,
  "MA": 0.07210723362129426,
  "NJ": 0.03879530987736471,
  "VA": 0.07557934698684596,
  "WA": 0.4602930246095451,
  "MI": 0.08652619889454274,
  "MT": 0.33792247777037426,
  "VT": 0.3179306231270616,
  "FL": 0.0741635321310918,
  "NM": 0.13539178204593733,
  "NC": 0.1044121227781615,
  "AL": 0.15265474163133952,
  "ME": 0.4059015663464482,
  "WY": 0.09831290704876887,
  "CT": 0.06686763787997503,
  "IN": 0.06551024421324766,
  "IL": 0.07097392989746637,
  "MS": 0.06440507432902647,
  "WI": 0.10581811664443111,
  "MD": 0.06640488111287023,
  "SD": 0.37684490105509316
}
