{
  "TX": 0.20600000000000002,
  "SD": 0.079,
  "LA": 0.013999999999999999,
  "VA": 0.13,
  "OH": 0.016,
  "MN": 0.078,
  "NC": 0.185,
  "ND": 0.047,
  "MS": 0.043,
  "RI": 0.004,
  "NJ": 0.045,
  "AL": 0.075,
  "NM": 0.132,
  "NH": 0.065,
  "IN": 0.066,
  "OR": 0.12,
  "AZ": 0.24600000000000002,
  "CT": 0.049,
  "NV": 0.35100000000000003,
  "TN": 0.115,
  "UT": 0.23800000000000002,
  "WI": 0.06,
  "ID": 0.21100000000000002,
  "SC": 0.153,
  "WY": 0.141,
  "AK": 0.133,
  "KS": 0.061,
  "MD": 0.09,
  "AR": 0.091,
  "CO": 0.16899999999999998,
  "MA": 0.031,
  "MO": 0.07,
  "CA": 0.1,
  "GA": 0.183,
  "IA": 0.040999999999999995,
  "OK": 0.087,
  "PA": 0.034,
  "WA": 0.141,
  "NE": 0.067,
  "MT": 0.09699999999999999,
  "FL": 0.17600000000000002,
  "HI": 0.12300000000000001,
  "MI": -0.006,
  "WV": 0.025,
  "VT": 0.027999999999999997,
  "DE": 0.146,
  "ME": 0.042,
  "NY": 0.021,
  "IL": 0.033,
  "KY": 0.07400000000000001
}
