{
  "SD": 0.131,
  "TN": 0.153,
  "TX": 0.149,
  "ND": 0.107,
  "WI": 0.11,
  "VA": 0.107,
  "WA": 0.10300000000000001,
  "NM": 0.195,
  "MT": 0.13,
  "PA": 0.122,
  "NH": 0.076,
  "CO": 0.096,
  "ME": 0.11599999999999999,
  "OK": 0.156,
  "OR": 0.126,
  "UT": 0.09,
  "MI": 0.141,
  "MO": 0.132,
  "HI": 0.08800000000000001,
  "NJ": 0.095,
  "CA": 0.128,
  "DE": 0.125,
  "ID": 0.11800000000000001,
  "NC": 0.14,
  "IL": 0.121,
  "VT": 0.11,
  "AZ": 0.14,
  "KY": 0.16899999999999998,
  "AK": 0.109,
  "WY": 0.111,
  "MS": 0.19699999999999998,
  "IN": 0.131,
  "AR": 0.172,
  "MN": 0.096,
  "NY": 0.136,
  "WV": 0.17800000000000002,
  "CT": 0.10400000000000001,
  "IA": 0.11199999999999999,
  "AL": 0.168,
  "MD": 0.09,
  "MA": 0.1,
  "NE": 0.11,
  "GA": 0.14300000000000002,
  "NV": 0.129,
  "FL": 0.136,
  "LA": 0.18600000000000003,
  "KS": 0.12,
  "OH": 0.139,
  "RI": 0.129,
  "SC": 0.153
}
