{
  "AR": 0.065,
  "HI": 0.04,
  "MD": 0.06,
  "MO": 0.042300000000000004,
  "OK": 0.045,
  "NE": 0.055,
  "AK": 0.0,
  "MS": 0.07,
  "SC": 0.06,
  "WI": 0.05,
  "WY": 0.04,
  "AL": 0.04,
  "FL": 0.06,
  "UT": 0.059500000000000004,
  "NC": 0.0475,
  "PA": 0.06,
  "ID": 0.06,
  "WV": 0.06,
  "CA": 0.0725,
  "MI": 0.06,
  "KY": 0.06,
  "OR": 0.0,
  "NH": 0.0,
  "LA": 0.044500000000000005,
  "MA": 0.0625,
  "ME": 0.055,
  "NM": 0.0513,
  "NY": 0.04,
  "IA": 0.06,
  "MN": 0.0688,
  "ND": 0.05,
  "OH": 0.0575,
  "CO": 0.028999999999999998,
  "SD": 0.045,
  "NJ": 0.0663,
  "CT": 0.0635,
  "AZ": 0.055999999999999994,
  "TN": 0.07,
  "VA": 0.053,
  "KS": 0.065,
  "NV": 0.06849999999999999,
  "DE": 0.0,
  "MT": 0.0,
  "VT": 0.06,
  "TX": 0.0625,
  "RI": 0.07,
  "WA": 0.065,
  "IN": 0.07,
  "GA": 0.04,
  "IL": 0.0625
}
