{
  "NM": 5707.413007070468,
  "HI": null,
  "RI": 3932.5890642690724,
  "WV": null,
  "CT": 4309.044341675485,
  "UT": 4865.225671530702,
  "WA": 3644.472852655065,
  "AZ": 10956.82986858253,
  "WI": 4809.432852028617,
  "WY": null,
  "OK": null,
  "SC": null,
  "MD": 4973.015252236414,
  "IA": null,
  "GA": null,
  "IL": 7122.71003788755,
  "NY": 4730.986064086649,
  "NJ": 8317.258612314163,
  "OR": 5943.1853445492025,
  "PA": 6114.862061961156,
  "NE": null,
  "SD": null,
  "AK": null,
  "ME": 3923.9424480783546,
  "FL": 14430.887626931935,
  "NH": 3952.3075387440963,
  "VT": 5555.749436288887,
  "CO": 5123.84745909793,
  "AL": null,
  "DE": 5551.2497949991475,
  "CA": 4705.266410837096,
  "LA": null,
  "KY": null,
  "MI": null,
  "AR": 6671.064591356261,
  "ID": null,
  "MN": 5063.940853023666,
  "MS": null,
  "MT": null,
  "NC": null,
  "ND": null,
  "OH": null,
  "TN": null,
  "TX": 4041.5145004379137,
  "IN": null,
  "KS": null,
  "NV": null,
  "VA": null,
  "MA": 4632.861959778556,
  "MO": null
}
