{
  "IL": 51.75754189944134,
  "AL": 62.34193548387096,
  "PA": 48.08809523809525,
  "NE": 48.32176165803107,
  "UT": 48.08022598870057,
  "RI": 47.27272727272727,
  "NM": 53.273015873015886,
  "LA": 66.47757009345793,
  "MI": 43.24832535885168,
  "AZ": 60.324864864864864,
  "TX": 65.52811881188124,
  "GA": 62.538028169014105,
  "IN": 51.42131147540982,
  "MT": 43.050000000000004,
  "WV": 50.75225225225224,
  "CO": 44.55934959349593,
  "KS": 53.58081395348838,
  "OR": 48.45373831775703,
  "SD": 44.81479289940831,
  "OH": 49.99705882352941,
  "NV": 49.922900763358804,
  "MA": 45.821126760563374,
  "ND": 41.50000000000001,
  "AK": 32.389189189189196,
  "CT": 47.44444444444444,
  "MD": 53.42758620689653,
  "MS": 63.324271844660174,
  "CA": 57.35215189873416,
  "HI": 70.20156250000002,
  "NC": 57.61896551724135,
  "WI": 43.53940886699507,
  "VA": 54.44274809160306,
  "FL": 70.96081871345025,
  "WY": 41.97044025157232,
  "MO": 54.689534883720924,
  "WA": 48.961963190184065,
  "KY": 55.40450450450448,
  "AR": 60.199130434782575,
  "IA": 48.353333333333346,
  "VT": 41.48979591836734,
  "SC": 61.80576923076923,
  "ID": 44.991666666666674,
  "TN": 57.336423841059585,
  "NJ": 50.378431372549,
  "MN": 42.399481865285,
  "NY": 44.913636363636385,
  "OK": 59.03611111111109,
  "NH": 42.4326923076923,
  "DE": 53.48999999999999,
  "ME": 40.32987012987013
}
