{
  "MN": 67.46424870466323,
  "CO": 66.0394308943089,
  "TN": 75.95231788079475,
  "WY": 64.71006289308178,
  "AZ": 79.61027027027028,
  "VT": 65.2530612244898,
  "CA": 71.70481012658225,
  "WA": 64.62392638036809,
  "OR": 64.51074766355143,
  "DE": 74.86,
  "SC": 78.86730769230765,
  "MS": 79.82718446601942,
  "ND": 67.13082706766922,
  "MO": 75.75058139534877,
  "NJ": 72.34117647058822,
  "OK": 79.6708333333333,
  "NE": 72.05440414507773,
  "LA": 81.44299065420559,
  "GA": 78.79154929577467,
  "IN": 72.78770491803279,
  "CT": 69.63333333333334,
  "WV": 70.48468468468471,
  "MD": 74.3051724137931,
  "KY": 74.94594594594592,
  "IL": 73.57597765363127,
  "ME": 64.62597402597403,
  "PA": 69.64166666666662,
  "MI": 66.96698564593301,
  "NH": 65.80576923076924,
  "NY": 67.75852272727273,
  "KS": 76.48895348837209,
  "TX": 81.6843564356435,
  "NV": 71.04580152671755,
  "OH": 71.52794117647059,
  "MA": 68.36478873239439,
  "IA": 71.69466666666668,
  "ID": 65.31410256410255,
  "VA": 73.98167938931302,
  "MT": 64.51603053435115,
  "FL": 81.7625730994152,
  "RI": 69.26363636363637,
  "HI": 74.20625000000001,
  "AK": 54.56000000000004,
  "AR": 78.97217391304349,
  "SD": 69.81538461538464,
  "AL": 78.85645161290324,
  "NC": 75.48850574712647,
  "NM": 72.02857142857142,
  "UT": 70.1694915254237,
  "WI": 67.56403940886699
}
