{
  "NH": 0.025,
  "ND": 0.026000000000000002,
  "SD": 0.03,
  "GA": 0.039,
  "ME": 0.034,
  "MI": 0.040999999999999995,
  "UT": 0.031,
  "RI": 0.040999999999999995,
  "LA": 0.049,
  "WI": 0.03,
  "WY": 0.040999999999999995,
  "KY": 0.043,
  "NE": 0.027999999999999997,
  "NV": 0.046,
  "HI": 0.024,
  "PA": 0.043,
  "MN": 0.028999999999999998,
  "OH": 0.046,
  "SC": 0.034,
  "TX": 0.039,
  "VA": 0.03,
  "OK": 0.034,
  "OR": 0.042,
  "IL": 0.043,
  "NY": 0.040999999999999995,
  "DE": 0.038,
  "TN": 0.035,
  "IA": 0.025,
  "MO": 0.032,
  "WA": 0.045,
  "KS": 0.034,
  "WV": 0.053,
  "IN": 0.034,
  "MA": 0.033,
  "ID": 0.027999999999999997,
  "FL": 0.036000000000000004,
  "CO": 0.033,
  "NC": 0.039,
  "VT": 0.027000000000000003,
  "CA": 0.042,
  "AZ": 0.048,
  "MD": 0.039,
  "CT": 0.040999999999999995,
  "MS": 0.048,
  "AR": 0.037000000000000005,
  "MT": 0.037000000000000005,
  "AL": 0.039,
  "NJ": 0.040999999999999995,
  "NM": 0.049,
  "AK": 0.066
}
