{
  "ID": 26.041025641025637,
  "GA": 46.7661971830986,
  "RI": 31.6,
  "SC": 45.54519230769232,
  "CO": 26.277642276422743,
  "OR": 36.24485981308411,
  "ND": 13.48571428571429,
  "NM": 36.169841269841285,
  "PA": 29.006547619047616,
  "DE": 36.05,
  "NH": 21.74807692307692,
  "WI": 18.662068965517243,
  "WV": 32.169369369369356,
  "IL": 28.494413407821202,
  "FL": 61.15087719298245,
  "TN": 38.68278145695364,
  "AR": 40.91304347826085,
  "WY": 22.316981132075465,
  "MO": 32.65406976744184,
  "OK": 39.063194444444434,
  "KS": 31.840116279069772,
  "LA": 50.5738317757009,
  "IN": 29.544262295081964,
  "VT": 19.526530612244894,
  "TX": 48.36871287128702,
  "ME": 18.88701298701299,
  "NV": 33.25572519083968,
  "HI": 68.87812499999998,
  "WA": 35.30245398773007,
  "VA": 36.9236641221374,
  "AK": 12.23621621621621,
  "NE": 26.066839378238345,
  "CT": 29.029629629629632,
  "CA": 47.48936708860762,
  "NY": 25.40056818181819,
  "MD": 35.244827586206895,
  "MS": 46.08640776699032,
  "KY": 35.86486486486486,
  "AZ": 45.06864864864866,
  "MI": 22.966985645933015,
  "SD": 20.882248520710057,
  "MA": 27.969014084507045,
  "AL": 45.775806451612894,
  "MN": 13.981865284974099,
  "NC": 41.166091954022974,
  "NJ": 32.41960784313725,
  "UT": 28.353672316384195,
  "IA": 22.140666666666664,
  "MT": 22.917557251908395,
  "OH": 29.724999999999994
}
